"Key","Adv","ObDate","WindField","NE","SE","SW","NW"
"AL152016",29,2016-10-11 09:00:00,"50","30","30","0","0"
"AL152016",29,2016-10-11 09:00:00,"34","100","80","60","60"
"AL152016",28,2016-10-11 03:00:00,"50","60","50","0","0"
"AL152016",28,2016-10-11 03:00:00,"34","140","140","70","60"
"AL152016",27,2016-10-10 21:00:00,"50","60","50","0","0"
"AL152016",27,2016-10-10 21:00:00,"34","140","140","70","60"
"AL152016",26,2016-10-10 15:00:00,"50","50","50","20","0"
"AL152016",26,2016-10-10 15:00:00,"34","160","160","70","60"
"AL152016",25,2016-10-10 09:00:00,"50","50","50","20","0"
"AL152016",25,2016-10-10 09:00:00,"34","180","160","70","60"
"AL152016",24,2016-10-10 03:00:00,"50","40","50","20","0"
"AL152016",24,2016-10-10 03:00:00,"34","100","160","70","60"
"AL152016",23,2016-10-09 21:00:00,"50","40","50","20","0"
"AL152016",23,2016-10-09 21:00:00,"34","100","160","70","60"
"AL152016",22,2016-10-09 15:00:00,"50","30","40","0","0"
"AL152016",22,2016-10-09 15:00:00,"34","60","100","60","50"
"AL152016",21,2016-10-09 09:00:00,"34","60","100","60","50"
"AL152016",20,2016-10-09 03:00:00,"34","50","90","50","40"
"AL152016",19,2016-10-08 21:00:00,"34","50","90","50","40"
"AL152016",18,2016-10-08 15:00:00,"34","50","80","60","20"
"AL152016",17,2016-10-08 09:00:00,"34","50","80","70","40"
"AL152016",16,2016-10-08 03:00:00,"50","30","40","0","0"
"AL152016",16,2016-10-08 03:00:00,"34","50","70","50","50"
"AL152016",15,2016-10-07 21:00:00,"50","30","30","0","0"
"AL152016",15,2016-10-07 21:00:00,"34","70","70","40","40"
"AL152016",14,2016-10-07 15:00:00,"50","30","20","0","0"
"AL152016",14,2016-10-07 15:00:00,"34","70","70","40","40"
"AL152016",13,2016-10-07 09:00:00,"64","15","15","10","10"
"AL152016",13,2016-10-07 09:00:00,"50","30","30","20","20"
"AL152016",13,2016-10-07 09:00:00,"34","80","80","50","50"
"AL152016",12,2016-10-07 03:00:00,"64","15","15","10","10"
"AL152016",12,2016-10-07 03:00:00,"50","30","30","20","20"
"AL152016",12,2016-10-07 03:00:00,"34","80","80","50","50"
"AL152016",11,2016-10-06 21:00:00,"64","15","15","0","0"
"AL152016",11,2016-10-06 21:00:00,"50","30","30","0","0"
"AL152016",11,2016-10-06 21:00:00,"34","60","60","30","40"
"AL152016",10,2016-10-06 18:00:00,"64","15","15","0","0"
"AL152016",10,2016-10-06 18:00:00,"50","30","30","0","0"
"AL152016",10,2016-10-06 18:00:00,"34","60","60","30","40"
"AL152016",9,2016-10-06 15:00:00,"50","30","30","0","0"
"AL152016",9,2016-10-06 15:00:00,"34","60","60","30","40"
"AL152016",8,2016-10-06 09:00:00,"50","30","30","0","0"
"AL152016",8,2016-10-06 09:00:00,"34","60","60","30","40"
"AL152016",7,2016-10-06 03:00:00,"50","30","30","20","20"
"AL152016",7,2016-10-06 03:00:00,"34","70","70","40","50"
"AL152016",6,2016-10-05 21:00:00,"50","20","20","0","0"
"AL152016",6,2016-10-05 21:00:00,"34","60","60","30","40"
"AL152016",5,2016-10-05 15:00:00,"34","60","60","0","0"
"AL152016",4,2016-10-05 09:00:00,"34","60","60","0","0"
"AL152016",3,2016-10-05 03:00:00,"34","60","60","0","0"
"AL152016",2,2016-10-04 21:00:00,"34","60","60","0","0"
"AL152016",1,2016-10-04 15:00:00,"34","60","60","0","0"
"AL142016",47,2016-10-09 21:00:00,"64","0","0","60","80"
"AL142016",47,2016-10-09 21:00:00,"50","40","60","100","120"
"AL142016",47,2016-10-09 21:00:00,"34","210","150","180","210"
"AL142016",46,2016-10-09 15:00:00,"64","0","0","60","0"
"AL142016",46,2016-10-09 15:00:00,"50","40","60","90","90"
"AL142016",46,2016-10-09 15:00:00,"34","210","180","200","160"
"AL142016",45,2016-10-09 09:00:00,"64","0","0","60","0"
"AL142016",45,2016-10-09 09:00:00,"50","70","80","110","30"
"AL142016",45,2016-10-09 09:00:00,"34","210","180","150","90"
"AL142016",44,2016-10-09 03:00:00,"64","0","0","60","0"
"AL142016",44,2016-10-09 03:00:00,"50","70","80","90","30"
"AL142016",44,2016-10-09 03:00:00,"34","160","140","120","70"
"AL142016",43,2016-10-08 21:00:00,"64","20","20","15","0"
"AL142016",43,2016-10-08 21:00:00,"50","60","80","30","20"
"AL142016",43,2016-10-08 21:00:00,"34","160","140","70","70"
"AL142016",42,2016-10-08 15:00:00,"64","20","20","0","0"
"AL142016",42,2016-10-08 15:00:00,"50","60","50","30","30"
"AL142016",42,2016-10-08 15:00:00,"34","160","140","80","70"
"AL142016",41,2016-10-08 09:00:00,"64","40","40","20","25"
"AL142016",41,2016-10-08 09:00:00,"50","80","70","50","40"
"AL142016",41,2016-10-08 09:00:00,"34","160","140","80","70"
"AL142016",40,2016-10-08 03:00:00,"64","50","50","35","35"
"AL142016",40,2016-10-08 03:00:00,"50","80","70","50","50"
"AL142016",40,2016-10-08 03:00:00,"34","160","140","80","100"
"AL142016",39,2016-10-07 21:00:00,"64","50","40","40","40"
"AL142016",39,2016-10-07 21:00:00,"50","80","70","60","60"
"AL142016",39,2016-10-07 21:00:00,"34","160","140","80","120"
"AL142016",38,2016-10-07 15:00:00,"64","50","40","40","40"
"AL142016",38,2016-10-07 15:00:00,"50","80","70","60","60"
"AL142016",38,2016-10-07 15:00:00,"34","160","140","80","120"
"AL142016",37,2016-10-07 09:00:00,"64","50","40","30","50"
"AL142016",37,2016-10-07 09:00:00,"50","70","70","50","70"
"AL142016",37,2016-10-07 09:00:00,"34","160","140","80","120"
"AL142016",36,2016-10-07 03:00:00,"64","50","40","30","50"
"AL142016",36,2016-10-07 03:00:00,"50","70","70","50","70"
"AL142016",36,2016-10-07 03:00:00,"34","160","140","90","120"
"AL142016",35,2016-10-06 21:00:00,"64","50","40","30","50"
"AL142016",35,2016-10-06 21:00:00,"50","70","70","40","70"
"AL142016",35,2016-10-06 21:00:00,"34","160","130","70","120"
"AL142016",34,2016-10-06 15:00:00,"64","50","40","30","50"
"AL142016",34,2016-10-06 15:00:00,"50","70","70","40","70"
"AL142016",34,2016-10-06 15:00:00,"34","140","130","70","100"
"AL142016",33,2016-10-06 09:00:00,"64","35","30","25","25"
"AL142016",33,2016-10-06 09:00:00,"50","70","70","40","40"
"AL142016",33,2016-10-06 09:00:00,"34","140","130","70","90"
"AL142016",32,2016-10-06 03:00:00,"64","40","30","30","40"
"AL142016",32,2016-10-06 03:00:00,"50","70","40","40","50"
"AL142016",32,2016-10-06 03:00:00,"34","150","120","60","90"
"AL142016",31,2016-10-05 21:00:00,"64","40","30","30","40"
"AL142016",31,2016-10-05 21:00:00,"50","70","40","40","50"
"AL142016",31,2016-10-05 21:00:00,"34","150","120","60","90"
"AL142016",30,2016-10-05 15:00:00,"64","40","30","30","40"
"AL142016",30,2016-10-05 15:00:00,"50","70","50","50","60"
"AL142016",30,2016-10-05 15:00:00,"34","150","140","80","90"
"AL142016",29,2016-10-05 09:00:00,"64","35","35","35","35"
"AL142016",29,2016-10-05 09:00:00,"50","60","60","50","60"
"AL142016",29,2016-10-05 09:00:00,"34","140","140","80","90"
"AL142016",28,2016-10-05 03:00:00,"64","40","40","40","40"
"AL142016",28,2016-10-05 03:00:00,"50","60","60","50","60"
"AL142016",28,2016-10-05 03:00:00,"34","140","150","80","100"
"AL142016",27,2016-10-04 21:00:00,"64","40","40","40","40"
"AL142016",27,2016-10-04 21:00:00,"50","60","60","50","60"
"AL142016",27,2016-10-04 21:00:00,"34","100","150","80","80"
"AL142016",26,2016-10-04 15:00:00,"64","50","40","30","50"
"AL142016",26,2016-10-04 15:00:00,"50","70","70","50","80"
"AL142016",26,2016-10-04 15:00:00,"34","160","150","100","120"
"AL142016",25,2016-10-04 09:00:00,"64","35","35","30","30"
"AL142016",25,2016-10-04 09:00:00,"50","70","70","50","50"
"AL142016",25,2016-10-04 09:00:00,"34","160","150","100","120"
"AL142016",24,2016-10-04 03:00:00,"64","35","30","30","30"
"AL142016",24,2016-10-04 03:00:00,"50","70","60","50","50"
"AL142016",24,2016-10-04 03:00:00,"34","160","100","90","120"
"AL142016",23,2016-10-03 21:00:00,"64","35","30","30","30"
"AL142016",23,2016-10-03 21:00:00,"50","70","50","50","50"
"AL142016",23,2016-10-03 21:00:00,"34","160","100","90","120"
"AL142016",22,2016-10-03 15:00:00,"64","30","30","20","30"
"AL142016",22,2016-10-03 15:00:00,"50","60","50","40","50"
"AL142016",22,2016-10-03 15:00:00,"34","160","100","90","110"
"AL142016",21,2016-10-03 09:00:00,"64","25","25","20","25"
"AL142016",21,2016-10-03 09:00:00,"50","50","50","40","50"
"AL142016",21,2016-10-03 09:00:00,"34","170","100","90","110"
"AL142016",20,2016-10-03 03:00:00,"64","20","20","20","20"
"AL142016",20,2016-10-03 03:00:00,"50","50","40","30","40"
"AL142016",20,2016-10-03 03:00:00,"34","170","60","60","100"
"AL142016",19,2016-10-02 21:00:00,"64","30","20","15","20"
"AL142016",19,2016-10-02 21:00:00,"50","60","40","30","50"
"AL142016",19,2016-10-02 21:00:00,"34","180","60","60","120"
"AL142016",18,2016-10-02 15:00:00,"64","30","20","15","20"
"AL142016",18,2016-10-02 15:00:00,"50","60","40","30","50"
"AL142016",18,2016-10-02 15:00:00,"34","180","60","60","120"
"AL142016",17,2016-10-02 09:00:00,"64","20","20","15","15"
"AL142016",17,2016-10-02 09:00:00,"50","50","40","30","50"
"AL142016",17,2016-10-02 09:00:00,"34","180","60","60","160"
"AL142016",16,2016-10-02 03:00:00,"64","20","20","15","15"
"AL142016",16,2016-10-02 03:00:00,"50","50","40","30","50"
"AL142016",16,2016-10-02 03:00:00,"34","180","60","60","170"
"AL142016",15,2016-10-01 21:00:00,"64","20","20","15","15"
"AL142016",15,2016-10-01 21:00:00,"50","50","40","30","50"
"AL142016",15,2016-10-01 21:00:00,"34","180","60","60","170"
"AL142016",14,2016-10-01 15:00:00,"64","25","20","20","25"
"AL142016",14,2016-10-01 15:00:00,"50","70","40","30","70"
"AL142016",14,2016-10-01 15:00:00,"34","180","60","50","170"
"AL142016",13,2016-10-01 09:00:00,"64","30","20","20","40"
"AL142016",13,2016-10-01 09:00:00,"50","80","30","30","70"
"AL142016",13,2016-10-01 09:00:00,"34","180","60","50","170"
"AL142016",12,2016-10-01 03:00:00,"64","30","20","20","40"
"AL142016",12,2016-10-01 03:00:00,"50","80","30","30","75"
"AL142016",12,2016-10-01 03:00:00,"34","180","60","50","170"
"AL142016",11,2016-09-30 21:00:00,"64","30","20","20","30"
"AL142016",11,2016-09-30 21:00:00,"50","90","30","30","70"
"AL142016",11,2016-09-30 21:00:00,"34","170","70","50","170"
"AL142016",10,2016-09-30 15:00:00,"64","30","20","20","30"
"AL142016",10,2016-09-30 15:00:00,"50","80","30","30","80"
"AL142016",10,2016-09-30 15:00:00,"34","170","100","50","170"
"AL142016",9,2016-09-30 09:00:00,"64","40","15","15","30"
"AL142016",9,2016-09-30 09:00:00,"50","80","30","30","60"
"AL142016",9,2016-09-30 09:00:00,"34","160","100","50","140"
"AL142016",8,2016-09-30 06:00:00,"64","40","15","15","30"
"AL142016",8,2016-09-30 06:00:00,"50","90","30","20","60"
"AL142016",8,2016-09-30 06:00:00,"34","160","100","50","140"
"AL142016",7,2016-09-30 03:00:00,"64","40","0","15","20"
"AL142016",7,2016-09-30 03:00:00,"50","90","0","25","60"
"AL142016",7,2016-09-30 03:00:00,"34","160","100","50","140"
"AL142016",6,2016-09-29 21:00:00,"64","60","0","0","20"
"AL142016",6,2016-09-29 21:00:00,"50","110","0","0","60"
"AL142016",6,2016-09-29 21:00:00,"34","160","100","50","140"
"AL142016",5,2016-09-29 15:00:00,"50","100","0","0","50"
"AL142016",5,2016-09-29 15:00:00,"34","180","120","50","150"
"AL142016",4,2016-09-29 09:00:00,"50","75","0","0","75"
"AL142016",4,2016-09-29 09:00:00,"34","160","100","0","90"
"AL142016",3,2016-09-29 03:00:00,"50","75","0","0","0"
"AL142016",3,2016-09-29 03:00:00,"34","160","100","0","90"
"AL142016",2,2016-09-28 21:00:00,"50","100","0","0","0"
"AL142016",2,2016-09-28 21:00:00,"34","180","100","0","90"
"AL142016",1,2016-09-28 15:00:00,"50","120","0","0","0"
"AL142016",1,2016-09-28 15:00:00,"34","180","90","0","60"
"AL132016",21,2016-09-24 21:00:00,"",NA,NA,NA,NA
"AL132016",20,2016-09-24 15:00:00,"34","70","0","0","50"
"AL132016",19,2016-09-24 09:00:00,"",NA,NA,NA,NA
"AL132016",18,2016-09-24 03:00:00,"",NA,NA,NA,NA
"AL132016",17,2016-09-23 21:00:00,"",NA,NA,NA,NA
"AL132016",16,2016-09-23 15:00:00,"34","130","0","0","70"
"AL132016",15,2016-09-23 09:00:00,"34","130","0","0","70"
"AL132016",14,2016-09-23 03:00:00,"34","170","0","0","80"
"AL132016",13,2016-09-22 21:00:00,"34","150","0","0","80"
"AL132016",12,2016-09-22 15:00:00,"34","150","0","0","80"
"AL132016",11,2016-09-22 09:00:00,"34","110","60","0","60"
"AL132016",10,2016-09-22 03:00:00,"34","110","60","0","70"
"AL132016",9,2016-09-21 21:00:00,"34","110","50","0","50"
"AL132016",8,2016-09-21 15:00:00,"34","110","50","0","50"
"AL132016",7,2016-09-21 09:00:00,"34","110","80","0","50"
"AL132016",6,2016-09-21 03:00:00,"34","110","80","0","50"
"AL132016",5,2016-09-20 21:00:00,"34","60","50","0","50"
"AL122016",45,2016-09-25 15:00:00,"50","70","80","30","0"
"AL122016",45,2016-09-25 15:00:00,"34","140","160","90","60"
"AL122016",44,2016-09-25 09:00:00,"50","70","80","30","0"
"AL122016",44,2016-09-25 09:00:00,"34","140","160","90","60"
"AL122016",43,2016-09-25 03:00:00,"50","60","60","30","0"
"AL122016",43,2016-09-25 03:00:00,"34","100","150","90","70"
"AL122016",42,2016-09-24 21:00:00,"50","60","60","30","0"
"AL122016",42,2016-09-24 21:00:00,"34","100","150","90","70"
"AL122016",41,2016-09-24 15:00:00,"50","60","60","0","30"
"AL122016",41,2016-09-24 15:00:00,"34","100","100","90","90"
"AL122016",40,2016-09-24 09:00:00,"50","50","50","40","50"
"AL122016",40,2016-09-24 09:00:00,"34","100","100","90","90"
"AL122016",39,2016-09-24 03:00:00,"50","50","50","50","50"
"AL122016",39,2016-09-24 03:00:00,"34","100","100","70","90"
"AL122016",38,2016-09-23 21:00:00,"50","30","20","20","40"
"AL122016",38,2016-09-23 21:00:00,"34","100","80","50","90"
"AL122016",37,2016-09-23 15:00:00,"50","0","0","0","30"
"AL122016",37,2016-09-23 15:00:00,"34","100","0","0","100"
"AL122016",36,2016-09-23 09:00:00,"50","0","0","0","30"
"AL122016",36,2016-09-23 09:00:00,"34","100","0","0","100"
"AL122016",35,2016-09-23 03:00:00,"34","120","0","0","120"
"AL122016",34,2016-09-22 21:00:00,"34","120","0","0","120"
"AL122016",33,2016-09-22 15:00:00,"",NA,NA,NA,NA
"AL122016",32,2016-09-22 09:00:00,"",NA,NA,NA,NA
"AL122016",31,2016-09-22 03:00:00,"",NA,NA,NA,NA
"AL122016",30,2016-09-21 21:00:00,"",NA,NA,NA,NA
"AL122016",29,2016-09-21 15:00:00,"",NA,NA,NA,NA
"AL122016",28,2016-09-21 09:00:00,"",NA,NA,NA,NA
"AL122016",27,2016-09-21 03:00:00,"34","120","0","0","0"
"AL122016",26,2016-09-20 21:00:00,"34","120","0","0","80"
"AL122016",25,2016-09-20 15:00:00,"34","120","0","0","80"
"AL122016",24,2016-09-20 09:00:00,"34","120","0","0","80"
"AL122016",23,2016-09-20 03:00:00,"34","100","0","0","80"
"AL122016",22,2016-09-19 21:00:00,"34","100","0","0","80"
"AL122016",21,2016-09-19 15:00:00,"34","100","0","0","80"
"AL122016",20,2016-09-19 09:00:00,"34","100","0","0","80"
"AL122016",19,2016-09-19 03:00:00,"34","100","0","0","80"
"AL122016",18,2016-09-18 21:00:00,"34","100","0","0","80"
"AL122016",17,2016-09-18 15:00:00,"34","150","0","0","0"
"AL122016",16,2016-09-18 09:00:00,"34","200","0","0","0"
"AL122016",15,2016-09-18 03:00:00,"34","200","0","0","90"
"AL122016",14,2016-09-17 21:00:00,"34","200","0","0","100"
"AL122016",13,2016-09-17 15:00:00,"34","210","0","0","100"
"AL122016",12,2016-09-17 09:00:00,"34","180","0","0","110"
"AL122016",11,2016-09-17 03:00:00,"34","180","0","0","120"
"AL122016",10,2016-09-16 21:00:00,"34","200","80","0","80"
"AL122016",9,2016-09-16 15:00:00,"34","200","80","0","80"
"AL122016",8,2016-09-16 09:00:00,"34","140","80","0","80"
"AL122016",7,2016-09-16 03:00:00,"34","140","80","0","80"
"AL112016",12,2016-09-16 21:00:00,"34","30","0","0","30"
"AL112016",11,2016-09-16 15:00:00,"34","60","0","0","0"
"AL112016",10,2016-09-16 09:00:00,"34","60","0","0","0"
"AL112016",9,2016-09-16 03:00:00,"34","70","0","0","0"
"AL112016",8,2016-09-15 21:00:00,"34","70","0","0","0"
"AL112016",5,2016-09-15 03:00:00,"34","100","0","0","60"
"AL112016",2,2016-09-14 09:00:00,"34","70","0","0","0"
"AL112016",1,2016-09-14 03:00:00,"34","40","40","0","0"
"AL102016",17,2016-09-16 15:00:00,"50","0","100","60","0"
"AL102016",17,2016-09-16 15:00:00,"34","180","210","210","0"
"AL102016",16,2016-09-16 09:00:00,"50","0","60","0","0"
"AL102016",16,2016-09-16 09:00:00,"34","150","180","0","0"
"AL102016",15,2016-09-16 03:00:00,"34","150","150","0","0"
"AL102016",14,2016-09-15 21:00:00,"34","150","150","0","0"
"AL102016",13,2016-09-15 15:00:00,"34","150","120","0","120"
"AL102016",12,2016-09-15 09:00:00,"34","150","120","0","120"
"AL102016",11,2016-09-15 03:00:00,"34","200","140","0","120"
"AL102016",10,2016-09-14 21:00:00,"34","200","120","0","120"
"AL102016",9,2016-09-14 15:00:00,"34","200","120","0","120"
"AL102016",8,2016-09-14 09:00:00,"34","200","120","0","120"
"AL102016",7,2016-09-14 03:00:00,"34","200","140","0","120"
"AL102016",6,2016-09-13 21:00:00,"34","200","140","0","120"
"AL102016",5,2016-09-13 15:00:00,"34","200","140","0","120"
"AL102016",4,2016-09-13 09:00:00,"34","200","140","0","120"
"AL102016",3,2016-09-13 03:00:00,"34","200","140","0","120"
"AL102016",2,2016-09-12 21:00:00,"34","150","0","0","120"
"AL102016",1,2016-09-12 15:00:00,"34","120","0","0","120"
"AL092016",38,2016-09-06 18:00:00,"34","70","100","100","70"
"AL092016",37,2016-09-06 15:00:00,"50","60","0","0","60"
"AL092016",37,2016-09-06 15:00:00,"34","100","120","120","100"
"AL092016",36,2016-09-06 09:00:00,"50","80","0","0","80"
"AL092016",36,2016-09-06 09:00:00,"34","120","120","120","120"
"AL092016",35,2016-09-06 03:00:00,"50","100","0","60","100"
"AL092016",35,2016-09-06 03:00:00,"34","150","150","150","150"
"AL092016",34,2016-09-05 21:00:00,"50","140","0","0","140"
"AL092016",34,2016-09-05 21:00:00,"34","200","150","150","180"
"AL092016",33,2016-09-05 15:00:00,"50","140","0","0","140"
"AL092016",33,2016-09-05 15:00:00,"34","200","150","150","200"
"AL092016",32,2016-09-05 09:00:00,"50","140","0","0","140"
"AL092016",32,2016-09-05 09:00:00,"34","200","150","150","200"
"AL092016",31,2016-09-05 03:00:00,"50","140","0","0","140"
"AL092016",31,2016-09-05 03:00:00,"34","200","150","150","200"
"AL092016",30,2016-09-04 21:00:00,"50","160","0","0","100"
"AL092016",30,2016-09-04 21:00:00,"34","200","180","170","200"
"AL092016",29,2016-09-04 15:00:00,"50","160","0","0","70"
"AL092016",29,2016-09-04 15:00:00,"34","180","180","170","150"
"AL092016",28,2016-09-04 09:00:00,"50","90","0","0","70"
"AL092016",28,2016-09-04 09:00:00,"34","180","180","170","150"
"AL092016",27,2016-09-04 03:00:00,"50","70","50","90","90"
"AL092016",27,2016-09-04 03:00:00,"34","180","160","120","140"
"AL092016",26,2016-09-03 21:00:00,"50","70","50","90","90"
"AL092016",26,2016-09-03 21:00:00,"34","180","160","120","160"
"AL092016",25,2016-09-03 15:00:00,"50","70","30","0","60"
"AL092016",25,2016-09-03 15:00:00,"34","180","160","30","120"
"AL092016",24,2016-09-03 09:00:00,"50","0","100","0","0"
"AL092016",24,2016-09-03 09:00:00,"34","120","160","0","0"
"AL092016",23,2016-09-03 03:00:00,"34","140","160","0","0"
"AL092016",22,2016-09-02 21:00:00,"34","140","160","20","20"
"AL092016",21,2016-09-02 15:00:00,"34","120","150","30","30"
"AL092016",20,2016-09-02 09:00:00,"50","60","100","30","20"
"AL092016",20,2016-09-02 09:00:00,"34","120","150","60","60"
"AL092016",19,2016-09-02 03:00:00,"64","40","40","30","0"
"AL092016",19,2016-09-02 03:00:00,"50","70","90","60","40"
"AL092016",19,2016-09-02 03:00:00,"34","90","150","80","60"
"AL092016",18,2016-09-01 21:00:00,"64","40","40","0","0"
"AL092016",18,2016-09-01 21:00:00,"50","100","120","30","30"
"AL092016",18,2016-09-01 21:00:00,"34","150","160","60","60"
"AL092016",17,2016-09-01 17:00:00,"50","100","120","30","30"
"AL092016",17,2016-09-01 17:00:00,"34","150","160","60","60"
"AL092016",16,2016-09-01 15:00:00,"50","60","60","0","0"
"AL092016",16,2016-09-01 15:00:00,"34","120","120","60","40"
"AL092016",15,2016-09-01 09:00:00,"50","20","20","0","0"
"AL092016",15,2016-09-01 09:00:00,"34","120","120","60","0"
"AL092016",14,2016-09-01 03:00:00,"50","20","20","0","0"
"AL092016",14,2016-09-01 03:00:00,"34","110","110","90","0"
"AL092016",13,2016-08-31 21:00:00,"34","110","110","0","0"
"AL072016",47,2016-09-03 09:00:00,"",NA,NA,NA,NA
"AL072016",46,2016-09-03 03:00:00,"34","0","90","0","0"
"AL072016",45,2016-09-02 21:00:00,"34","100","130","110","0"
"AL072016",44,2016-09-02 15:00:00,"50","60","90","0","0"
"AL072016",44,2016-09-02 15:00:00,"34","100","130","110","60"
"AL072016",43,2016-09-02 09:00:00,"50","60","90","60","40"
"AL072016",43,2016-09-02 09:00:00,"34","100","130","110","70"
"AL072016",42,2016-09-02 03:00:00,"64","30","60","40","0"
"AL072016",42,2016-09-02 03:00:00,"50","60","90","60","40"
"AL072016",42,2016-09-02 03:00:00,"34","120","150","130","90"
"AL072016",41,2016-09-01 21:00:00,"64","40","70","40","20"
"AL072016",41,2016-09-01 21:00:00,"50","70","100","80","40"
"AL072016",41,2016-09-01 21:00:00,"34","130","160","140","90"
"AL072016",40,2016-09-01 15:00:00,"64","40","70","40","30"
"AL072016",40,2016-09-01 15:00:00,"50","70","100","60","50"
"AL072016",40,2016-09-01 15:00:00,"34","130","160","140","90"
"AL072016",39,2016-09-01 09:00:00,"64","40","40","40","30"
"AL072016",39,2016-09-01 09:00:00,"50","70","90","60","50"
"AL072016",39,2016-09-01 09:00:00,"34","130","150","130","90"
"AL072016",38,2016-09-01 03:00:00,"64","40","40","40","30"
"AL072016",38,2016-09-01 03:00:00,"50","70","90","60","50"
"AL072016",38,2016-09-01 03:00:00,"34","130","150","130","90"
"AL072016",37,2016-08-31 21:00:00,"64","40","40","40","30"
"AL072016",37,2016-08-31 21:00:00,"50","70","90","60","50"
"AL072016",37,2016-08-31 21:00:00,"34","130","150","120","90"
"AL072016",36,2016-08-31 15:00:00,"64","40","40","40","30"
"AL072016",36,2016-08-31 15:00:00,"50","60","80","60","50"
"AL072016",36,2016-08-31 15:00:00,"34","120","150","120","90"
"AL072016",35,2016-08-31 09:00:00,"64","40","40","40","30"
"AL072016",35,2016-08-31 09:00:00,"50","50","80","60","50"
"AL072016",35,2016-08-31 09:00:00,"34","100","140","120","80"
"AL072016",34,2016-08-31 03:00:00,"64","40","35","30","30"
"AL072016",34,2016-08-31 03:00:00,"50","60","70","60","50"
"AL072016",34,2016-08-31 03:00:00,"34","120","140","100","90"
"AL072016",33,2016-08-30 21:00:00,"64","40","35","30","30"
"AL072016",33,2016-08-30 21:00:00,"50","60","70","60","50"
"AL072016",33,2016-08-30 21:00:00,"34","120","130","100","90"
"AL072016",32,2016-08-30 15:00:00,"64","35","35","25","25"
"AL072016",32,2016-08-30 15:00:00,"50","60","60","40","40"
"AL072016",32,2016-08-30 15:00:00,"34","120","120","80","80"
"AL072016",31,2016-08-30 09:00:00,"64","35","35","25","25"
"AL072016",31,2016-08-30 09:00:00,"50","60","60","40","40"
"AL072016",31,2016-08-30 09:00:00,"34","120","120","80","80"
"AL072016",30,2016-08-30 03:00:00,"64","30","30","20","20"
"AL072016",30,2016-08-30 03:00:00,"50","60","60","40","40"
"AL072016",30,2016-08-30 03:00:00,"34","120","120","80","80"
"AL072016",29,2016-08-29 21:00:00,"64","30","30","20","20"
"AL072016",29,2016-08-29 21:00:00,"50","60","60","40","40"
"AL072016",29,2016-08-29 21:00:00,"34","120","120","80","80"
"AL072016",28,2016-08-29 15:00:00,"64","30","20","10","20"
"AL072016",28,2016-08-29 15:00:00,"50","60","40","20","40"
"AL072016",28,2016-08-29 15:00:00,"34","120","120","50","80"
"AL072016",27,2016-08-29 09:00:00,"64","30","20","10","20"
"AL072016",27,2016-08-29 09:00:00,"50","60","40","20","40"
"AL072016",27,2016-08-29 09:00:00,"34","120","120","50","80"
"AL072016",26,2016-08-29 03:00:00,"64","30","20","10","20"
"AL072016",26,2016-08-29 03:00:00,"50","60","40","20","40"
"AL072016",26,2016-08-29 03:00:00,"34","120","120","50","80"
"AL072016",25,2016-08-28 21:00:00,"64","20","20","10","20"
"AL072016",25,2016-08-28 21:00:00,"50","60","40","20","40"
"AL072016",25,2016-08-28 21:00:00,"34","120","120","50","80"
"AL072016",24,2016-08-28 15:00:00,"64","20","20","10","20"
"AL072016",24,2016-08-28 15:00:00,"50","60","40","20","40"
"AL072016",24,2016-08-28 15:00:00,"34","120","120","50","80"
"AL072016",23,2016-08-28 09:00:00,"64","15","15","10","15"
"AL072016",23,2016-08-28 09:00:00,"50","60","40","20","40"
"AL072016",23,2016-08-28 09:00:00,"34","120","120","50","80"
"AL072016",22,2016-08-28 03:00:00,"64","15","15","10","15"
"AL072016",22,2016-08-28 03:00:00,"50","60","40","30","40"
"AL072016",22,2016-08-28 03:00:00,"34","120","120","50","80"
"AL072016",21,2016-08-27 21:00:00,"50","50","40","20","40"
"AL072016",21,2016-08-27 21:00:00,"34","130","90","50","110"
"AL072016",20,2016-08-27 15:00:00,"50","50","30","20","30"
"AL072016",20,2016-08-27 15:00:00,"34","130","80","40","100"
"AL072016",19,2016-08-27 09:00:00,"50","50","30","0","30"
"AL072016",19,2016-08-27 09:00:00,"34","130","80","40","100"
"AL072016",18,2016-08-27 03:00:00,"50","50","30","0","30"
"AL072016",18,2016-08-27 03:00:00,"34","130","80","40","100"
"AL072016",17,2016-08-26 21:00:00,"50","50","30","0","30"
"AL072016",17,2016-08-26 21:00:00,"34","130","80","40","100"
"AL072016",16,2016-08-26 15:00:00,"50","70","40","0","40"
"AL072016",16,2016-08-26 15:00:00,"34","130","100","40","100"
"AL072016",15,2016-08-26 09:00:00,"50","70","30","0","60"
"AL072016",15,2016-08-26 09:00:00,"34","110","80","30","100"
"AL072016",14,2016-08-26 03:00:00,"50","70","30","0","60"
"AL072016",14,2016-08-26 03:00:00,"34","100","70","30","100"
"AL072016",13,2016-08-25 21:00:00,"50","70","30","0","60"
"AL072016",13,2016-08-25 21:00:00,"34","100","70","30","100"
"AL072016",12,2016-08-25 15:00:00,"50","70","30","0","60"
"AL072016",12,2016-08-25 15:00:00,"34","100","70","30","100"
"AL072016",11,2016-08-25 09:00:00,"64","20","0","0","0"
"AL072016",11,2016-08-25 09:00:00,"50","40","40","20","30"
"AL072016",11,2016-08-25 09:00:00,"34","80","80","40","50"
"AL072016",10,2016-08-25 03:00:00,"50","40","40","20","30"
"AL072016",10,2016-08-25 03:00:00,"34","80","80","40","60"
"AL072016",9,2016-08-24 21:00:00,"50","40","40","0","30"
"AL072016",9,2016-08-24 21:00:00,"34","70","80","40","50"
"AL072016",8,2016-08-24 15:00:00,"50","40","40","0","30"
"AL072016",8,2016-08-24 15:00:00,"34","70","80","40","60"
"AL072016",7,2016-08-24 09:00:00,"50","30","20","0","20"
"AL072016",7,2016-08-24 09:00:00,"34","60","40","30","60"
"AL072016",6,2016-08-24 03:00:00,"50","30","20","0","20"
"AL072016",6,2016-08-24 03:00:00,"34","60","40","30","60"
"AL072016",5,2016-08-23 21:00:00,"50","30","20","0","20"
"AL072016",5,2016-08-23 21:00:00,"34","60","40","30","60"
"AL072016",4,2016-08-23 15:00:00,"50","30","0","0","0"
"AL072016",4,2016-08-23 15:00:00,"34","60","40","30","60"
"AL072016",3,2016-08-23 09:00:00,"34","50","40","30","50"
"AL072016",2,2016-08-23 03:00:00,"34","50","30","30","30"
"AL062016",25,2016-08-23 03:00:00,"",NA,NA,NA,NA
"AL062016",24,2016-08-22 21:00:00,"",NA,NA,NA,NA
"AL062016",23,2016-08-22 15:00:00,"",NA,NA,NA,NA
"AL062016",22,2016-08-22 09:00:00,"",NA,NA,NA,NA
"AL062016",21,2016-08-22 03:00:00,"",NA,NA,NA,NA
"AL062016",20,2016-08-21 21:00:00,"34","40","0","0","0"
"AL062016",19,2016-08-21 15:00:00,"34","40","30","0","30"
"AL062016",18,2016-08-21 09:00:00,"34","50","40","0","30"
"AL062016",17,2016-08-21 03:00:00,"34","50","40","0","30"
"AL062016",16,2016-08-20 21:00:00,"34","60","0","0","60"
"AL062016",15,2016-08-20 15:00:00,"34","0","0","0","70"
"AL062016",14,2016-08-20 09:00:00,"34","0","0","0","70"
"AL062016",13,2016-08-20 03:00:00,"34","0","0","0","70"
"AL062016",12,2016-08-19 21:00:00,"34","0","0","0","40"
"AL062016",11,2016-08-19 15:00:00,"34","40","20","0","30"
"AL062016",10,2016-08-19 09:00:00,"34","40","30","0","30"
"AL062016",9,2016-08-19 03:00:00,"34","30","20","0","30"
"AL062016",8,2016-08-18 21:00:00,"34","30","0","0","30"
"AL062016",7,2016-08-18 15:00:00,"34","30","0","0","30"
"AL062016",6,2016-08-18 09:00:00,"34","30","0","0","30"
"AL062016",5,2016-08-18 03:00:00,"34","30","0","0","30"
"AL062016",4,2016-08-17 21:00:00,"34","20","0","0","20"
"AL052016",16,2016-08-06 09:00:00,"34","110","0","0","60"
"AL052016",15,2016-08-06 03:00:00,"50","30","20","0","0"
"AL052016",15,2016-08-06 03:00:00,"34","100","70","30","100"
"AL052016",14,2016-08-05 21:00:00,"50","30","30","0","0"
"AL052016",14,2016-08-05 21:00:00,"34","100","70","70","110"
"AL052016",13,2016-08-05 15:00:00,"34","60","30","0","60"
"AL052016",10,2016-08-04 21:00:00,"34","30","0","0","30"
"AL052016",9,2016-08-04 15:00:00,"34","50","50","20","20"
"AL052016",8,2016-08-04 09:00:00,"64","20","0","0","20"
"AL052016",8,2016-08-04 09:00:00,"50","50","30","0","30"
"AL052016",8,2016-08-04 09:00:00,"34","120","80","30","80"
"AL052016",7,2016-08-04 03:00:00,"64","15","0","0","15"
"AL052016",7,2016-08-04 03:00:00,"50","50","30","0","30"
"AL052016",7,2016-08-04 03:00:00,"34","120","80","30","80"
"AL052016",6,2016-08-03 21:00:00,"50","50","50","0","30"
"AL052016",6,2016-08-03 21:00:00,"34","120","80","30","80"
"AL052016",5,2016-08-03 15:00:00,"50","30","0","0","20"
"AL052016",5,2016-08-03 15:00:00,"34","100","50","30","80"
"AL052016",4,2016-08-03 09:00:00,"50","30","0","0","20"
"AL052016",4,2016-08-03 09:00:00,"34","80","50","0","70"
"AL052016",3,2016-08-03 03:00:00,"50","30","0","0","20"
"AL052016",3,2016-08-03 03:00:00,"34","80","40","0","60"
"AL052016",2,2016-08-02 21:00:00,"34","80","40","0","60"
"AL052016",1,2016-08-02 16:00:00,"34","70","60","0","70"
"AL042016",5,2016-06-20 21:00:00,"34","50","50","30","70"
"AL042016",4,2016-06-20 15:00:00,"34","50","50","40","70"
"AL032016",10,2016-06-07 21:00:00,"50","0","100","0","0"
"AL032016",10,2016-06-07 21:00:00,"34","60","210","0","0"
"AL032016",9,2016-06-07 15:00:00,"50","0","100","0","0"
"AL032016",9,2016-06-07 15:00:00,"34","60","200","0","0"
"AL032016",8,2016-06-07 09:00:00,"34","100","200","0","0"
"AL032016",7,2016-06-07 03:00:00,"34","0","200","0","0"
"AL032016",6,2016-06-06 21:00:00,"34","0","200","0","0"
"AL032016",5,2016-06-06 15:00:00,"34","0","200","0","0"
"AL032016",4,2016-06-06 09:00:00,"34","160","160","0","0"
"AL032016",3,2016-06-06 03:00:00,"34","160","160","0","0"
"AL022016",32,2016-06-04 15:00:00,"",NA,NA,NA,NA
"AL022016",31,2016-06-04 09:00:00,"34","0","30","0","0"
"AL022016",30,2016-06-04 03:00:00,"34","0","30","0","0"
"AL022016",29,2016-06-03 21:00:00,"34","0","30","0","0"
"AL022016",8,2016-05-29 15:00:00,"",NA,NA,NA,NA
"AL022016",7,2016-05-29 09:00:00,"34","0","0","0","40"
"AL022016",6,2016-05-29 03:00:00,"34","0","0","20","60"
"AL022016",5,2016-05-28 21:00:00,"34","0","0","0","50"
"AL022016",3,2016-05-28 09:00:00,"",NA,NA,NA,NA
"AL022016",2,2016-05-28 03:00:00,"",NA,NA,NA,NA
"AL022016",1,2016-05-27 21:00:00,"",NA,NA,NA,NA
"AL012016",9,2016-01-15 21:00:00,"50","300","120","30","40"
"AL012016",9,2016-01-15 21:00:00,"34","420","420","240","120"
"AL012016",8,2016-01-15 15:00:00,"50","150","150","30","40"
"AL012016",8,2016-01-15 15:00:00,"34","400","300","180","150"
"AL012016",7,2016-01-15 09:00:00,"64","20","20","0","0"
"AL012016",7,2016-01-15 09:00:00,"50","50","50","30","40"
"AL012016",7,2016-01-15 09:00:00,"34","180","150","100","100"
"AL012016",6,2016-01-15 03:00:00,"64","20","20","0","0"
"AL012016",6,2016-01-15 03:00:00,"50","40","60","30","40"
"AL012016",6,2016-01-15 03:00:00,"34","150","150","100","100"
"AL012016",5,2016-01-14 21:00:00,"64","20","20","0","0"
"AL012016",5,2016-01-14 21:00:00,"50","40","60","30","40"
"AL012016",5,2016-01-14 21:00:00,"34","150","150","100","100"
"AL012016",4,2016-01-14 15:00:00,"64","20","20","0","0"
"AL012016",4,2016-01-14 15:00:00,"50","30","40","30","20"
"AL012016",4,2016-01-14 15:00:00,"34","120","130","100","50"
"AL012016",3,2016-01-14 09:00:00,"50","30","30","0","0"
"AL012016",3,2016-01-14 09:00:00,"34","120","130","100","30"
"AL012016",2,2016-01-14 03:00:00,"50","0","30","0","0"
"AL012016",2,2016-01-14 03:00:00,"34","60","120","120","0"
"AL012016",1,2016-01-13 21:00:00,"34","60","120","120","0"
